"Date","Time (GMT)","Highest","MHHW (ft)","MHW (ft)","MSL (ft)","MTL (ft)","MLW (ft)","MLLW (ft)","Lowest (ft)","Inf"
"1955/10/01","00:00","2.113","1.575","1.175","0.643","0.614","0.062","-0.128","-0.486","0"
"1955/11/01","00:00","2.513","1.824","1.302","0.794","0.755","0.213","-0.075","-0.587","0"
"1955/12/01","00:00","2.415","1.713","1.155","0.623","0.584","0.013","-0.285","-0.787","0"
"1956/01/01","00:00","2.113","1.453","0.965","0.394","0.374","-0.207","-0.486","-0.886","0"
"1956/02/01","00:00","1.713","1.224","0.863","0.292","0.292","-0.285","-0.486","-0.787","0"
"1956/03/01","00:00","1.312","1.093","0.732","0.203","0.174","-0.387","-0.577","-0.886","0"
"1956/04/01","00:00","1.713","1.375","0.955","0.433","0.394","-0.157","-0.328","-0.787","0"
"1956/05/01","00:00","2.113","1.512","1.043","0.535","0.512","-0.026","-0.236","-0.587","0"
"1956/06/01","00:00","2.014","1.493","1.014","0.453","0.443","-0.128","-0.377","-0.787","0"
"1956/07/01","00:00","2.215","1.604","1.155","0.564","0.554","-0.036","-0.318","-0.787","0"
"1956/08/01","00:00","2.313","1.722","1.322","0.764","0.755","0.174","-0.007","-0.387","0"
"1956/09/01","00:00","2.014","1.752","1.414","0.863","0.833","0.262","0.125","-0.085","0"
"1956/10/01","00:00","2.215","1.824","1.463","0.892","0.873","0.292","0.115","-0.187","0"
"1956/11/01","00:00","2.513","1.883","1.414","0.873","0.843","0.272","0.013","-0.387","0"
"1956/12/01","00:00","2.615","1.854","1.283","0.764","0.722","0.164","-0.075","-0.387","0"
"1957/01/01","00:00","2.313","1.663","1.155","0.653","0.614","0.082","-0.148","-0.387","0"
"1957/02/01","00:00","2.113","1.585","1.224","0.673","0.673","0.125","-0.095","-0.486","0"
"1957/03/01","00:00","2.014","1.604","1.312","0.755","0.745","0.174","0.023","-0.387","0"
"1957/04/01","00:00","1.814","1.404","1.053","0.512","0.512","-0.026","-0.236","-0.486","0"
"1957/05/01","00:00","2.014","1.503","1.014","0.512","0.472","-0.056","-0.285","-0.587","0"
"1957/06/01","00:00","NaN","1.532","1.033","0.535","0.512","-0.007","-0.246","NaN","0"
"1957/07/01","00:00","2.014","1.503","1.093","0.584","0.564","0.033","-0.217","-0.587","0"
"1957/08/01","00:00","2.215","1.722","1.375","0.843","0.833","0.292","0.052","-0.085","0"
"1957/09/01","00:00","2.215","1.785","1.444","0.945","0.912","0.374","0.233","-0.085","0"
"1957/10/01","00:00","2.014","1.634","1.263","0.722","0.702","0.144","-0.016","-0.486","0"
"1957/11/01","00:00","2.313","1.762","1.332","0.784","0.755","0.164","-0.095","-0.486","0"
"1957/12/01","00:00","2.113","1.624","1.155","0.584","0.574","-0.016","-0.338","-0.686","0"
"1958/01/01","00:00","1.814","1.385","0.932","0.364","0.344","-0.246","-0.558","-0.886","0"
"1958/02/01","00:00","NaN","1.434","1.033","0.472","0.453","-0.128","-0.358","NaN","0"
"1958/03/01","00:00","1.814","1.385","1.063","0.492","0.463","-0.138","-0.285","-0.387","0"
"1958/04/01","00:00","1.814","1.473","1.132","0.554","0.535","-0.075","-0.226","-0.486","0"
"1958/05/01","00:00","2.113","1.644","1.214","0.614","0.594","-0.036","-0.266","-0.787","0"
"1958/06/01","00:00","2.113","1.493","1.004","0.443","0.413","-0.167","-0.436","-0.787","0"
"1958/07/01","00:00","2.215","1.824","1.375","0.774","0.764","0.154","-0.095","-0.387","0"
"1958/08/01","00:00","2.113","1.722","1.394","0.833","0.814","0.233","0.062","-0.187","0"
"1958/09/01","00:00","2.113","1.795","1.532","0.945","0.945","0.354","0.213","-0.085","0"
"1958/10/01","00:00","2.415","1.952","1.614","1.043","1.033","0.443","0.282","-0.085","0"
"1958/11/01","00:00","2.713","2.123","1.683","1.073","1.053","0.433","0.213","-0.187","0"
"1958/12/01","00:00","2.513","1.942","1.483","0.873","0.853","0.233","-0.056","-0.486","0"
"1959/01/01","00:00","2.713","2.014","1.542","0.932","0.912","0.282","0.033","-0.486","0"
"1959/02/01","00:00","2.113","1.503","1.122","0.584","0.554","-0.007","-0.226","-0.587","0"
"1959/03/01","00:00","1.713","1.434","1.112","0.545","0.535","-0.036","-0.177","-0.387","0"
"1959/04/01","00:00","2.113","1.713","1.352","0.745","0.732","0.102","-0.016","-0.387","0"
"1959/05/01","00:00","2.313","1.713","1.312","0.755","0.732","0.144","-0.066","-0.387","0"
"1959/06/01","00:00","2.415","1.683","1.263","0.702","0.692","0.135","-0.128","-0.387","0"
"1959/07/01","00:00","2.215","1.732","1.332","0.764","0.732","0.144","-0.095","-0.285","0"
"1959/08/01","00:00","2.713","1.923","1.552","0.932","0.932","0.302","0.102","-0.387","0"
"1959/09/01","00:00","NaN","2.054","1.772","1.112","1.112","0.463","0.344","NaN","0"
"1959/10/01","00:00","2.215","1.893","1.562","0.965","0.965","0.364","0.203","-0.187","0"
"1959/11/01","00:00","2.513","1.952","1.512","0.912","0.883","0.253","0.023","-0.387","0"
"1959/12/01","00:00","2.615","1.932","1.434","0.853","0.823","0.213","-0.075","-0.387","0"
"1960/01/01","00:00","2.415","1.814","1.375","0.764","0.755","0.144","-0.128","-0.387","0"
"1960/02/01","00:00","2.014","1.654","1.293","0.722","0.702","0.115","-0.066","-0.387","0"
"1960/03/01","00:00","1.814","1.542","1.243","0.663","0.653","0.062","-0.075","-0.285","0"
"1960/04/01","00:00","1.713","1.483","1.122","0.564","0.554","-0.026","-0.167","-0.486","0"
"1960/05/01","00:00","2.113","1.453","1.014","0.463","0.443","-0.128","-0.318","-0.988","0"
"1960/06/01","00:00","2.014","1.594","1.112","0.594","0.554","0.003","-0.226","-0.787","0"
"1960/07/01","00:00","2.215","1.542","1.132","0.574","0.554","-0.016","-0.276","-0.587","0"
"1960/08/01","00:00","2.014","1.522","1.142","0.564","0.574","-0.007","-0.246","-0.587","0"
"1960/09/01","00:00","2.014","1.634","1.322","0.794","0.774","0.213","0.072","-0.285","0"
"1960/10/01","00:00","1.913","1.542","1.243","0.702","0.692","0.135","-0.007","-0.285","0"
"1960/11/01","00:00","2.113","1.654","1.224","0.673","0.653","0.072","-0.148","-0.486","0"
"1960/12/01","00:00","2.415","1.804","1.302","0.722","0.702","0.102","-0.148","-0.486","0"
"1961/01/01","00:00","2.713","1.962","1.473","0.892","0.873","0.272","0.013","-0.285","0"
"1961/02/01","00:00","2.313","1.742","1.352","0.755","0.755","0.144","-0.066","-0.285","0"
"1961/03/01","00:00","1.913","1.594","1.293","0.653","0.653","0.013","-0.108","-0.285","0"
"1961/04/01","00:00","2.014","1.522","1.175","0.584","0.564","-0.046","-0.167","-0.486","0"
"1961/05/01","00:00","2.113","1.614","1.165","0.604","0.574","-0.016","-0.226","-0.486","0"
"1961/06/01","00:00","2.615","1.942","1.424","0.755","0.732","0.052","-0.177","-0.387","0"
"1961/07/01","00:00","2.615","2.113","1.644","0.974","0.974","0.312","0.072","-0.285","0"
"1961/08/01","00:00","2.415","1.903","1.562","0.965","0.955","0.344","0.135","-0.285","0"
"1961/09/01","00:00","2.313","1.962","1.644","1.083","1.073","0.512","0.374","0.213","0"
"1961/10/01","00:00","2.313","2.044","1.683","1.053","1.093","0.512","0.423","0.115","0"
"1961/11/01","00:00","2.014","1.703","1.283","0.745","0.712","0.135","-0.095","-0.486","0"
"1961/12/01","00:00","2.313","1.614","1.175","0.623","0.604","0.033","-0.266","-0.587","0"
"1962/01/01","00:00","2.513","1.844","1.352","0.755","0.764","0.184","-0.118","-0.587","0"
"1962/02/01","00:00","2.615","2.054","1.614","1.033","1.004","0.404","0.164","-0.187","0"
"1962/03/01","00:00","2.215","1.844","1.463","0.873","0.853","0.243","0.092","-0.285","0"
"1962/04/01","00:00","2.215","1.932","1.552","0.955","0.932","0.312","0.194","-0.085","0"
"1962/05/01","00:00","2.415","1.772","1.322","0.722","0.702","0.072","-0.128","-0.285","0"
"1962/06/01","00:00","2.513","1.854","1.385","0.804","0.774","0.164","-0.075","-0.387","0"
"1962/07/01","00:00","2.313","1.804","1.312","0.702","0.682","0.052","-0.207","-0.587","0"
"1962/08/01","00:00","2.415","1.873","1.473","0.883","0.863","0.253","0.052","-0.285","0"
"1962/09/01","00:00","2.113","1.663","1.365","0.823","0.794","0.223","0.102","-0.085","0"
"1962/10/01","00:00","2.113","1.654","1.302","0.794","0.755","0.203","0.043","-0.187","0"
"1962/11/01","00:00","2.215","1.683","1.234","0.673","0.643","0.043","-0.207","-0.587","0"
"1962/12/01","00:00","2.513","1.903","1.424","0.853","0.823","0.233","-0.056","-0.486","0"
"1963/01/01","00:00","2.513","1.903","1.444","0.892","0.853","0.253","0.003","-0.387","0"
"1963/02/01","00:00","2.313","1.742","1.342","0.804","0.774","0.194","-0.036","-0.387","0"
"1963/03/01","00:00","2.014","1.683","1.322","0.804","0.755","0.174","0.023","-0.187","0"
"1963/04/01","00:00","1.814","1.542","1.155","0.614","0.584","0.013","-0.118","-0.587","0"
"1963/05/01","00:00","2.215","1.594","1.142","0.623","0.614","0.072","-0.128","-0.387","0"
"1963/06/01","00:00","2.215","1.585","1.132","0.643","0.594","0.062","-0.207","-0.686","0"
"1963/07/01","00:00","2.113","1.644","1.142","0.594","0.574","-0.007","-0.256","-0.587","0"
"1963/08/01","00:00","2.415","1.923","1.473","0.892","0.883","0.292","0.062","-0.285","0"
"1963/09/01","00:00","2.513","1.962","1.614","1.024","1.004","0.394","0.253","0.013","0"
"1963/10/01","00:00","2.215","1.903","1.552","0.994","0.974","0.384","0.243","-0.085","0"
"1963/11/01","00:00","2.615","2.034","1.575","1.024","0.994","0.413","0.174","-0.285","0"
"1963/12/01","00:00","2.615","2.123","1.542","0.984","0.945","0.344","0.062","-0.587","0"
"1964/01/01","00:00","2.113","1.512","0.974","0.433","0.413","-0.157","-0.427","-0.787","0"
"1964/02/01","00:00","1.713","1.385","0.974","0.453","0.413","-0.148","-0.358","-0.686","0"
"1964/03/01","00:00","1.814","1.453","1.122","0.564","0.545","-0.036","-0.207","-0.486","0"
"1964/04/01","00:00","1.913","1.493","1.083","0.545","0.492","-0.085","-0.246","-0.486","0"
"1964/05/01","00:00","2.215","1.654","1.142","0.653","0.594","0.043","-0.157","-0.486","0"
"1964/06/01","00:00","2.113","1.542","1.024","0.545","0.472","-0.066","-0.318","-0.686","0"
"1964/07/01","00:00","2.415","1.873","1.404","0.863","0.833","0.253","-0.026","-0.787","0"
"1964/08/01","00:00","2.713","2.113","1.673","1.132","1.093","0.522","0.302","-0.085","0"
"1964/09/01","00:00","2.615","2.044","1.654","1.102","1.053","0.443","0.312","0.115","0"
"1964/10/01","00:00","2.113","1.795","1.404","0.814","0.784","0.164","0.013","-0.387","0"
"1964/11/01","00:00","2.513","1.824","1.375","0.774","0.755","0.135","-0.108","-0.486","0"
"1964/12/01","00:00","2.713","1.903","1.375","0.784","0.755","0.144","-0.167","-0.486","0"
"1965/01/01","00:00","2.615","1.804","NaN","0.702","NaN","NaN","-0.167","-0.587","0"
"1965/02/01","00:00","2.215","1.585","NaN","0.574","NaN","NaN","-0.207","-0.686","0"
"1965/03/01","00:00","1.814","1.453","NaN","0.564","NaN","NaN","-0.177","-0.486","0"
"1965/04/01","00:00","1.814","1.424","NaN","0.535","NaN","NaN","-0.236","-0.787","0"
"1965/05/01","00:00","1.814","1.302","NaN","0.262","NaN","NaN","-0.636","-1.086","0"
"1965/06/01","00:00","2.113","1.483","NaN","0.364","NaN","NaN","-0.548","-0.988","0"
"1965/07/01","00:00","2.513","1.713","NaN","0.554","NaN","NaN","-0.318","-0.686","0"
"1965/08/01","00:00","2.313","1.703","NaN","0.692","NaN","NaN","-0.148","-0.486","0"
"1965/09/01","00:00","2.113","1.732","NaN","0.732","NaN","NaN","-0.075","-0.187","0"
"1965/10/01","00:00","1.913","1.644","NaN","0.663","NaN","NaN","-0.075","-0.387","0"
"1965/11/01","00:00","2.415","1.824","NaN","0.833","NaN","NaN","0.023","-0.285","0"
"1965/12/01","00:00","2.415","1.883","NaN","0.814","NaN","NaN","-0.108","-0.587","0"
"1966/01/01","00:00","2.615","1.883","NaN","0.745","NaN","NaN","-0.197","-0.587","0"
"1966/02/01","00:00","2.615","1.722","NaN","0.755","NaN","NaN","-0.085","-0.387","0"
"1966/03/01","00:00","2.113","1.624","NaN","0.663","NaN","NaN","-0.148","-0.486","0"
"1966/04/01","00:00","1.713","1.503","NaN","0.545","NaN","NaN","-0.256","-0.587","0"
"1966/05/01","00:00","1.913","1.542","NaN","0.472","NaN","NaN","-0.417","-0.686","0"
"1966/06/01","00:00","2.113","1.562","NaN","0.423","NaN","NaN","-0.495","-0.787","0"
"1966/07/01","00:00","2.113","1.644","NaN","0.574","NaN","NaN","-0.338","-0.787","0"
"1966/08/01","00:00","2.313","1.795","NaN","0.774","NaN","NaN","-0.056","-0.486","0"
"1966/09/01","00:00","2.113","1.673","NaN","0.774","NaN","NaN","0.043","-0.285","0"
"1966/10/01","00:00","2.313","1.834","NaN","0.814","NaN","NaN","0.033","-0.285","0"
"1966/11/01","00:00","2.313","1.893","NaN","0.804","NaN","NaN","-0.085","-0.387","0"
"1966/12/01","00:00","2.313","1.883","NaN","0.745","NaN","NaN","-0.148","-0.787","0"
"1967/01/01","00:00","2.313","1.663","NaN","0.584","NaN","NaN","-0.285","-0.587","0"
"1967/02/01","00:00","1.913","1.424","NaN","0.404","NaN","NaN","-0.427","-0.886","0"
"1967/03/01","00:00","1.713","1.365","NaN","0.433","NaN","NaN","-0.367","-0.787","0"
"1967/04/01","00:00","1.614","1.283","NaN","0.354","NaN","NaN","-0.397","-0.886","0"
"1967/05/01","00:00","1.614","1.234","NaN","0.272","NaN","NaN","-0.518","-1.086","0"
"1967/06/01","00:00","1.913","1.273","NaN","0.203","NaN","NaN","-0.656","-1.086","0"
"1967/07/01","00:00","2.113","1.624","NaN","0.564","NaN","NaN","-0.318","-0.587","0"
"1967/08/01","00:00","2.014","1.522","NaN","0.482","NaN","NaN","-0.338","-0.587","0"
"1967/09/01","00:00","2.113","1.732","NaN","0.712","NaN","NaN","-0.066","-0.387","0"
"1967/10/01","00:00","2.215","1.854","NaN","0.85","NaN","NaN","0.033","-0.285","0"
"1967/11/01","00:00","2.313","1.762","NaN","0.682","NaN","NaN","-0.207","-0.686","0"
"1967/12/01","00:00","2.415","1.834","NaN","0.673","NaN","NaN","-0.305","-0.686","0"
"1968/01/01","00:00","2.812","2.054","NaN","0.974","NaN","NaN","0.102","-0.486","0"
"1968/02/01","00:00","2.513","2.024","NaN","1.053","NaN","NaN","0.272","0.013","0"
"1968/03/01","00:00","1.913","1.604","NaN","0.702","NaN","NaN","-0.026","-0.285","0"
"1968/04/01","00:00","1.814","1.503","NaN","0.564","NaN","NaN","-0.177","-0.587","0"
"1968/05/01","00:00","1.913","1.463","NaN","0.433","NaN","NaN","-0.367","-0.886","0"
"1968/06/01","00:00","2.014","1.493","NaN","0.394","NaN","NaN","-0.476","-0.886","0"
"1968/07/01","00:00","2.513","1.703","NaN","0.594","NaN","NaN","-0.285","-0.587","0"
"1968/08/01","00:00","2.513","2.083","NaN","1.014","NaN","NaN","0.154","-0.387","0"
"1968/09/01","00:00","2.812","2.244","NaN","1.204","NaN","NaN","0.404","0.115","0"
"1968/10/01","00:00","2.615","2.113","NaN","1.073","NaN","NaN","0.253","-0.285","0"
"1968/11/01","00:00","2.615","2.093","NaN","0.974","NaN","NaN","0.033","-0.486","0"
"1968/12/01","00:00","2.913","2.093","NaN","0.922","NaN","NaN","-0.036","-0.387","0"
"1969/01/01","00:00","2.713","2.014","NaN","0.883","NaN","NaN","-0.036","-0.587","0"
"1969/02/01","00:00","2.215","1.732","NaN","0.722","NaN","NaN","-0.128","-0.587","0"
"1969/03/01","00:00","2.014","1.663","NaN","0.732","NaN","NaN","-0.026","-0.285","0"
"1969/04/01","00:00","2.014","1.752","NaN","0.804","NaN","NaN","-0.016","-0.387","0"
"1969/05/01","00:00","2.313","1.683","NaN","0.594","NaN","NaN","-0.285","-0.587","0"
"1969/06/01","00:00","2.615","1.903","NaN","0.784","NaN","NaN","-0.095","-0.587","0"
"1969/07/01","00:00","2.713","2.172","NaN","0.994","NaN","NaN","0.052","-0.285","0"
"1969/08/01","00:00","2.513","2.044","NaN","1.033","NaN","NaN","0.223","-0.187","0"
"1969/09/01","00:00","2.215","1.844","NaN","0.883","NaN","NaN","0.072","-0.085","0"
"1969/10/01","00:00","2.313","2.034","NaN","0.984","NaN","NaN","0.174","-0.187","0"
"1969/11/01","00:00","2.713","2.044","NaN","0.974","NaN","NaN","0.082","-0.285","0"
"1969/12/01","00:00","2.415","1.893","NaN","0.784","NaN","NaN","-0.128","-0.587","0"
"1970/01/01","00:00","2.513","1.693","NaN","0.623","NaN","NaN","-0.276","-0.587","0"
"1970/02/01","00:00","2.215","1.703","NaN","0.653","NaN","NaN","-0.207","-0.686","0"
"1970/03/01","00:00","2.113","1.703","NaN","0.643","NaN","NaN","-0.118","-0.285","0"
"1970/04/01","00:00","1.614","1.352","NaN","0.354","NaN","NaN","-0.446","-0.787","0"
"1970/05/01","00:00","1.913","1.463","NaN","0.443","NaN","NaN","-0.417","-0.787","0"
"1970/06/01","00:00","2.113","1.575","NaN","0.482","NaN","NaN","-0.456","-0.787","0"
"1970/07/01","00:00","2.014","1.552","NaN","0.492","NaN","NaN","-0.397","-0.686","0"
"1970/08/01","00:00","2.215","1.722","NaN","0.712","NaN","NaN","-0.177","-0.486","0"
"1970/09/01","00:00","2.113","1.824","NaN","0.902","NaN","NaN","0.115","-0.187","0"
"1970/10/01","00:00","2.415","1.952","NaN","0.994","NaN","NaN","0.164","-0.187","0"
"1970/11/01","00:00","2.415","1.883","NaN","0.764","NaN","NaN","-0.138","-0.486","0"
"1970/12/01","00:00","NaN","1.614","NaN","0.545","NaN","NaN","-0.367","NaN","4"
"1971/01/01","00:00","2.513","1.795","NaN","0.712","NaN","NaN","-0.226","-0.587","0"
"1971/02/01","00:00","1.913","1.473","NaN","0.502","NaN","NaN","-0.367","-0.686","0"
"1971/03/01","00:00","1.913","1.434","NaN","0.463","NaN","NaN","-0.367","-0.587","0"
"1971/04/01","00:00","2.014","1.483","NaN","0.492","NaN","NaN","-0.328","-0.587","0"
"1971/05/01","00:00","2.014","1.404","NaN","0.344","NaN","NaN","-0.505","-0.787","0"
"1971/06/01","00:00","2.113","1.654","NaN","0.564","NaN","NaN","-0.367","-0.686","0"
"1971/07/01","00:00","2.415","1.864","NaN","0.843","NaN","NaN","0.013","-0.387","0"
"1971/08/01","00:00","2.313","1.854","NaN","0.873","NaN","NaN","0.062","-0.187","0"
"1971/09/01","00:00","2.215","1.722","NaN","0.774","NaN","NaN","-0.016","-0.285","0"
"1971/10/01","00:00","2.313","1.772","NaN","0.814","NaN","NaN","-0.007","-0.587","0"
"1971/11/01","00:00","2.415","1.772","NaN","0.682","NaN","NaN","-0.226","-0.587","0"
"1971/12/01","00:00","2.313","1.824","NaN","0.653","NaN","NaN","-0.266","-0.686","0"
"1972/01/01","00:00","2.313","1.722","NaN","0.604","NaN","NaN","-0.295","-0.686","0"
"1972/02/01","00:00","1.814","1.473","NaN","0.502","NaN","NaN","-0.305","-0.686","0"
"1972/03/01","00:00","1.913","1.594","NaN","0.653","NaN","NaN","-0.148","-0.486","0"
"1972/04/01","00:00","2.113","1.434","NaN","0.433","NaN","NaN","-0.377","-0.686","0"
"1972/05/01","00:00","2.113","1.483","NaN","0.404","NaN","NaN","-0.427","-0.787","0"
"1972/06/01","00:00","2.215","1.624","NaN","0.535","NaN","NaN","-0.377","-0.787","0"
"1972/07/01","00:00","2.215","1.683","NaN","0.614","NaN","NaN","-0.358","-0.787","0"
"1972/08/01","00:00","2.014","1.512","NaN","0.482","NaN","NaN","-0.407","-0.686","0"
"1972/09/01","00:00","2.215","1.752","NaN","0.712","NaN","NaN","-0.128","-0.285","0"
"1972/10/01","00:00","2.415","1.942","NaN","0.892","NaN","NaN","0.043","-0.486","0"
"1972/11/01","00:00","2.415","1.795","NaN","0.712","NaN","NaN","-0.187","-0.787","0"
"1972/12/01","00:00","2.513","1.903","NaN","0.784","NaN","NaN","-0.197","-0.787","0"
"1973/01/01","00:00","2.215","1.663","NaN","0.584","NaN","NaN","-0.338","-0.686","0"
"1973/02/01","00:00","1.913","1.404","NaN","0.443","NaN","NaN","-0.377","-0.587","0"
"1973/03/01","00:00","1.814","1.414","NaN","0.492","NaN","NaN","-0.276","-0.486","0"
"1973/04/01","00:00","1.913","1.532","NaN","0.564","NaN","NaN","-0.236","-0.587","0"
"1973/05/01","00:00","2.313","1.693","NaN","0.584","NaN","NaN","-0.338","-0.787","0"
"1973/06/01","00:00","2.415","1.795","NaN","0.643","NaN","NaN","-0.328","-0.686","1"
"1973/07/01","00:00","2.513","1.864","NaN","0.774","NaN","NaN","-0.138","-0.486","0"
"1973/08/01","00:00","2.215","1.785","NaN","0.843","NaN","NaN","0.003","-0.285","0"
"1973/09/01","00:00","2.113","1.883","NaN","0.955","NaN","NaN","0.194","0.013","0"
"1973/10/01","00:00","2.215","1.824","NaN","0.892","NaN","NaN","0.115","-0.285","0"
"1973/11/01","00:00","2.513","1.972","NaN","0.922","NaN","NaN","0.082","-0.387","0"
"1973/12/01","00:00","2.615","1.883","NaN","0.814","NaN","NaN","-0.066","-0.587","0"
"1974/01/01","00:00","2.713","1.864","NaN","0.843","NaN","NaN","-0.036","-0.486","0"
"1974/02/01","00:00","2.313","1.785","NaN","0.833","NaN","NaN","0.023","-0.387","0"
"1974/03/01","00:00","NaN","1.663","NaN","0.755","NaN","NaN","-0.036","NaN","4"
"1974/04/01","00:00","NaN","1.473","NaN","0.574","NaN","NaN","-0.246","NaN","4"
"1974/05/01","00:00","2.014","1.473","NaN","0.614","NaN","NaN","-0.266","-0.587","0"
"1974/06/01","00:00","2.215","1.575","NaN","0.633","NaN","NaN","-0.256","-0.486","0"
"1974/07/01","00:00","2.313","1.785","NaN","0.774","NaN","NaN","-0.177","-0.686","0"
"1974/08/01","00:00","2.415","1.804","NaN","0.853","NaN","NaN","0.043","-0.285","0"
"1974/09/01","00:00","2.513","2.064","NaN","1.214","NaN","NaN","0.443","0.213","0"
"1974/10/01","00:00","2.215","1.864","NaN","0.955","NaN","NaN","0.115","-0.285","0"
"1974/11/01","00:00","2.215","1.795","NaN","0.774","NaN","NaN","-0.128","-0.486","0"
"1974/12/01","00:00","2.415","1.952","NaN","0.863","NaN","NaN","-0.036","-0.486","0"
"1975/01/01","00:00","2.415","1.772","NaN","0.692","NaN","NaN","-0.197","-0.686","0"
"1975/02/01","00:00","1.913","1.575","NaN","0.663","NaN","NaN","-0.167","-0.486","0"
"1975/03/01","00:00","1.913","1.575","NaN","0.732","NaN","NaN","-0.007","-0.285","0"
"1975/04/01","00:00","2.215","1.614","NaN","0.702","NaN","NaN","-0.066","-0.387","0"
"1975/05/01","00:00","2.215","1.693","NaN","0.682","NaN","NaN","-0.085","-0.486","0"
"1975/06/01","00:00","2.113","1.732","NaN","0.712","NaN","NaN","-0.118","-0.486","0"
"1975/07/01","00:00","2.215","1.713","NaN","0.764","NaN","NaN","-0.056","-0.387","0"
"1975/08/01","00:00","2.215","1.772","NaN","0.833","NaN","NaN","0.033","-0.387","0"
"1975/09/01","00:00","2.215","1.814","NaN","0.932","NaN","NaN","0.194","-0.085","0"
"1975/10/01","00:00","2.113","1.713","NaN","0.823","NaN","NaN","0.043","-0.387","0"
"1975/11/01","00:00","2.113","1.634","NaN","0.623","NaN","NaN","-0.246","-0.587","0"
"1975/12/01","00:00","2.215","1.772","NaN","0.663","NaN","NaN","-0.276","-0.587","0"
"1976/01/01","00:00","2.405","1.785","1.283","0.682","0.663","0.052","-0.236","-0.676","0"
"1976/02/01","00:00","1.982","1.624","1.263","0.712","0.702","0.135","-0.046","-0.377","0"
"1976/03/01","00:00","1.962","1.375","1.112","0.554","0.545","-0.026","-0.157","-0.518","0"
"1976/04/01","00:00","1.823","1.385","1.004","0.482","0.463","-0.075","-0.256","-0.777","0"
"1976/05/01","00:00","2.293","1.752","1.263","0.692","0.663","0.072","-0.167","-0.467","0"
"1976/06/01","00:00","2.183","1.644","1.155","0.584","0.554","-0.036","-0.295","-0.697","0"
"1976/07/01","00:00","2.103","1.624","1.184","0.623","0.614","0.033","-0.217","-0.528","0"
"1976/08/01","00:00","2.195","1.713","1.352","0.823","0.804","0.262","0.043","-0.246","0"
"1976/09/01","00:00","2.014","1.834","1.512","0.984","0.974","0.433","0.272","-0.118","0"
"1976/10/01","00:00","2.415","1.762","1.404","0.892","0.863","0.325","0.174","-0.266","0"
"1976/11/01","00:00","2.592","1.903","1.473","0.932","0.902","0.335","0.092","-0.285","0"
"1976/12/01","00:00","2.293","1.844","1.352","0.833","0.804","0.253","-0.016","-0.397","0"
"1977/01/01","00:00","2.474","1.913","1.473","0.932","0.912","0.354","0.092","-0.197","0"
"1977/02/01","00:00","2.215","1.634","1.273","0.692","0.673","0.072","-0.138","-0.407","0"
"1977/03/01","00:00","1.742","1.394","1.093","0.512","0.502","-0.085","-0.236","-0.456","0"
"1977/04/01","00:00","1.723","1.394","1.063","0.502","0.482","-0.095","-0.246","-0.667","0"
"1977/05/01","00:00","2.143","1.542","1.102","0.522","0.502","-0.095","-0.338","-0.707","0"
"1977/06/01","00:00","2.483","1.624","1.122","0.545","0.512","-0.095","-0.348","-0.727","0"
"1977/07/01","00:00","2.434","1.923","1.453","0.902","0.873","0.292","0.043","-0.446","0"
"1977/08/01","00:00","2.195","1.824","1.503","0.955","0.945","0.404","0.174","-0.056","0"
"1977/09/01","00:00","2.054","1.795","1.512","0.955","0.932","0.354","0.203","-0.016","0"
"1977/10/01","00:00","2.352","1.932","1.575","1.053","1.024","0.453","0.312","-0.177","0"
"1977/11/01","00:00","2.562","2.044","1.585","1.014","0.994","0.404","0.194","-0.246","0"
"1977/12/01","00:00","2.523","1.952","1.483","0.902","0.883","0.282","0.052","-0.348","0"
"1978/01/01","00:00","2.894","2.064","1.624","1.063","1.043","0.463","0.184","-0.167","0"
"1978/02/01","00:00","2.592","1.824","1.453","0.883","0.873","0.292","0.092","-0.187","0"
"1978/03/01","00:00","2.103","1.654","1.293","0.755","0.732","0.164","0.023","-0.328","0"
"1978/04/01","00:00","1.824","1.604","1.253","0.745","0.712","0.164","0.013","-0.367","0"
"1978/05/01","00:00","2.163","1.585","1.184","0.633","0.604","0.033","-0.187","-0.507","0"
"1978/06/01","00:00","2.123","1.522","1.053","0.482","0.463","-0.128","-0.387","-0.807","0"
"1978/07/01","00:00","2.503","1.683","1.234","0.673","0.653","0.062","-0.167","-0.597","0"
"1978/08/01","00:00","2.552","2.123","1.742","1.184","1.165","0.574","0.364","0.033","0"
"1978/09/01","00:00","2.054","1.634","1.365","0.833","0.814","0.262","0.125","-0.128","0"
"1978/10/01","00:00","2.234","1.683","1.375","0.804","0.784","0.194","0.043","-0.276","0"
"1978/11/01","00:00","2.553","1.923","1.483","0.923","0.893","0.303","0.073","-0.377","0"
"1978/12/01","00:00","2.503","2.003","1.463","0.843","0.813","0.173","-0.117","-0.517","0"
"1979/01/01","00:00","2.173","1.795","1.322","0.722","0.692","0.072","-0.197","-0.607","0"
"1979/02/01","00:00","2.024","1.539","1.188","0.64","0.61","0.033","-0.167","-0.528","0"
"1979/03/01","00:00","1.663","1.421","1.161","0.62","0.61","0.059","-0.069","-0.338","0"
"1979/04/01","00:00","2.313","1.781","1.444","0.869","0.855","0.266","0.115","-0.236","0"
"1979/05/01","00:00","2.293","1.982","1.532","0.984","0.955","0.364","0.174","-0.157","0"
"1979/06/01","00:00","2.044","1.585","1.112","0.554","0.535","-0.046","-0.285","-0.617","0"
"1979/07/01","00:00","2.382","1.772","1.332","0.712","0.702","0.062","-0.187","-0.587","0"
"1979/08/01","00:00","2.582","1.959","1.611","1.017","1.007","0.404","0.19","-0.226","0"
"1979/09/01","00:00","2.264","1.821","1.516","0.935","0.924","0.331","0.207","-0.148","0"
"1979/10/01","00:00","2.323","2.005","1.673","1.102","1.073","0.482","0.354","0.115","0"
"1979/11/01","00:00","2.274","1.864","1.444","0.883","0.863","0.282","0.062","-0.305","0"
"1979/12/01","00:00","2.352","1.745","1.23","0.702","0.677","0.125","-0.141","-0.587","0"
"1980/01/01","00:00","2.484","1.857","1.394","0.827","0.799","0.203","-0.052","-0.597","0"
"1980/02/01","00:00","2.782","1.926","1.539","0.942","0.925","0.312","0.108","-0.118","0"
"1980/03/01","00:00","2.103","1.686","1.434","0.889","0.879","0.325","0.213","-0.075","0"
"1980/04/01","00:00","2.142","1.811","1.486","0.928","0.907","0.328","0.184","-0.187","0"
"1980/05/01","00:00","2.172","1.673","1.214","0.682","0.653","0.082","-0.138","-0.518","0"
"1980/06/01","00:00","2.263","1.783","1.273","0.683","0.663","0.053","-0.217","-0.517","0"
"1980/07/01","00:00","2.543","2.064","1.614","0.994","0.974","0.344","0.102","-0.148","0"
"1980/08/01","00:00","2.493","2.064","1.713","1.093","1.083","0.453","0.223","0.033","0"
"1980/09/01","00:00","2.333","1.969","1.644","1.027","1.006","0.367","0.217","0.013","0"
"1980/10/01","00:00","2.283","1.844","1.473","0.873","0.863","0.253","0.144","-0.295","0"
"1980/11/01","00:00","2.474","1.854","1.43","0.873","0.848","0.266","0.056","-0.276","0"
"1980/12/01","00:00","2.802","2.103","1.654","1.102","1.073","0.492","0.243","-0.075","0"
"1981/01/01","00:00","2.792","2.142","1.654","1.063","1.033","0.423","0.135","-0.197","0"
"1981/02/01","00:00","2.602","2.149","1.742","1.129","1.111","0.479","0.285","-0.016","0"
"1981/03/01","00:00","2.474","1.985","1.673","1.07","1.058","0.443","0.305","0.062","0"
"1981/04/01","00:00","2.133","1.793","1.443","0.873","0.853","0.263","0.113","-0.197","0"
"1981/05/01","00:00","2.523","2.024","1.585","0.922","0.912","0.243","0.033","-0.348","0"
"1981/06/01","00:00","2.454","1.893","1.365","0.784","0.755","0.144","-0.138","-0.466","0"
"1981/07/01","00:00","2.523","1.913","1.385","0.784","0.755","0.125","-0.138","-0.518","0"
"1981/08/01","00:00","2.503","2.034","1.604","1.014","1.004","0.394","0.194","-0.075","0"
"1981/09/01","00:00","3.043","2.313","2.041","1.414","1.417","0.794","0.653","0.443","0"
"1981/10/01","00:00","2.615","2.283","1.919","1.302","1.283","0.646","0.522","0.194","0"
"1981/11/01","00:00","2.572","2.034","1.552","0.984","0.945","0.335","0.135","-0.358","0"
"1981/12/01","00:00","2.635","1.942","1.414","0.853","0.823","0.233","-0.046","-0.646","0"
"1982/01/01","00:00","2.694","1.962","1.493","0.892","0.873","0.253","-0.026","-0.538","0"
"1982/02/01","00:00","2.592","1.729","1.309","0.741","0.725","0.141","-0.056","-0.285","0"
"1982/03/01","00:00","1.703","1.467","1.115","0.548","0.536","-0.043","-0.164","-0.617","0"
"1982/04/01","00:00","1.762","1.493","1.063","0.482","0.453","-0.157","-0.285","-0.768","0"
"1982/05/01","00:00","2.014","1.444","1.024","0.443","0.413","-0.197","-0.407","-0.797","0"
"1982/06/01","00:00","2.205","1.654","1.155","0.594","0.564","-0.026","-0.305","-0.827","0"
"1982/07/01","00:00","2.474","1.785","1.332","0.722","0.722","0.115","-0.118","-0.466","0"
"1982/08/01","00:00","2.362","1.795","1.375","0.784","0.774","0.174","-0.066","-0.446","0"
"1982/09/01","00:00","2.113","1.677","1.345","0.784","0.769","0.194","0.062","-0.095","0"
"1982/10/01","00:00","2.073","1.585","1.289","0.702","0.689","0.089","-0.049","-0.305","0"
"1982/11/01","00:00","2.333","1.942","1.473","0.863","0.833","0.203","-0.046","-0.597","0"
"1982/12/01","00:00","2.562","1.804","1.234","0.663","0.623","0.013","-0.246","-0.568","0"
"1983/01/01","00:00","2.434","1.775","1.25","0.699","0.653","0.056","-0.18","-0.597","0"
"1983/02/01","00:00","2.782","2.001","1.581","0.981","0.976","0.371","0.19","-0.276","0"
"1983/03/01","00:00","2.464","2.162","1.837","1.204","1.188","0.538","0.413","0.102","0"
"1983/04/01","00:00","2.172","1.864","1.483","0.902","0.883","0.292","0.164","-0.387","0"
"1983/05/01","00:00","2.244","1.732","1.312","0.682","0.692","0.062","-0.157","-0.417","0"
"1983/06/01","00:00","2.133","1.693","1.155","0.594","0.564","-0.026","-0.276","-0.705","0"
"1983/07/01","00:00","2.425","1.873","1.375","0.814","0.794","0.223","-0.056","-0.538","0"
"1983/08/01","00:00","2.644","2.024","1.634","1.024","1.014","0.394","0.154","-0.348","0"
"1983/09/01","00:00","2.635","2.047","1.696","1.066","1.065","0.433","0.315","-0.056","0"
"1983/10/01","00:00","2.415","1.893","1.539","0.915","0.907","0.276","0.151","-0.187","0"
"1983/11/01","00:00","2.513","1.932","1.493","0.902","0.883","0.282","0.052","-0.207","0"
"1983/12/01","00:00","2.523","1.896","1.355","0.761","0.73","0.105","-0.171","-0.568","0"
"1984/01/01","00:00","2.343","1.634","1.24","0.535","0.546","-0.148","-0.371","-0.705","0"
"1984/02/01","00:00","2.283","1.726","1.266","0.656","0.641","0.016","-0.177","-0.568","0"
"1984/03/01","00:00","2.244","1.742","1.407","0.771","0.766","0.125","0.003","-0.226","0"
"1984/04/01","00:00","1.795","1.506","1.22","0.568","0.568","-0.085","-0.207","-0.528","0"
"1984/05/01","00:00","2.224","1.729","1.273","0.666","0.656","0.039","-0.184","-0.476","0"
"1984/06/01","00:00","2.513","2.011","1.444","0.879","0.846","0.249","-0.046","-0.358","0"
"1984/07/01","00:00","2.723","2.208","1.673","1.063","1.024","0.374","0.144","-0.157","0"
"1984/08/01","00:00","2.835","2.323","1.949","1.293","1.291","0.633","0.44","0.174","0"
"1984/09/01","00:00","2.415","2.116","1.752","1.135","1.125","0.499","0.374","0.115","0"
"1984/10/01","00:00","2.533","2.201","1.847","1.168","1.184","0.522","0.394","-0.075","0"
"1984/11/01","00:00","2.802","2.07","1.604","1.01","0.988","0.371","0.151","-0.217","0"
"1984/12/01","00:00","2.864","2.188","1.654","1.106","1.07","0.486","0.197","-0.226","0"
"1985/01/01","00:00","2.894","2.428","1.903","1.299","1.268","0.633","0.338","-0.066","0"
"1985/02/01","00:00","2.972","2.175","1.752","1.099","1.081","0.41","0.217","-0.148","0"
"1985/03/01","00:00","2.474","1.873","1.532","0.879","0.874","0.217","0.085","-0.157","0"
"1985/04/01","00:00","1.932","1.709","1.407","0.755","0.753","0.098","-0.013","-0.466","0"
"1985/05/01","00:00","2.195","1.545","1.175","0.541","0.545","-0.085","-0.322","-0.666","0"
"1985/06/01","00:00","2.493","1.995","1.44","0.873","0.842","0.243","-0.052","-0.505","0"
"1985/07/01","00:00","2.733","2.313","1.772","1.175","1.132","0.482","0.243","-0.226","0"
"1985/08/01","00:00","2.434","1.923","1.552","0.945","0.922","0.302","0.135","-0.118","0"
"1985/09/01","00:00","2.064","1.785","1.532","0.922","0.922","0.312","0.203","-0.016","0"
"1985/10/01","00:00","2.523","1.972","1.654","1.024","1.014","0.384","0.233","-0.046","0"
"1985/11/01","00:00","2.703","1.982","1.634","0.945","0.965","0.292","0.072","-0.568","0"
"1985/12/01","00:00","2.343","1.683","1.243","0.594","0.564","-0.108","-0.305","-0.715","0"
"1986/01/01","00:00","2.352","1.722","1.263","0.653","0.623","-0.007","-0.207","-0.686","0"
"1986/02/01","00:00","2.113","1.654","1.293","0.643","0.643","-0.007","-0.177","-0.607","0"
"1986/03/01","00:00","1.962","1.634","1.312","0.663","0.663","0.003","-0.108","-0.338","0"
"1986/04/01","00:00","2.054","1.444","1.043","0.443","0.433","-0.187","-0.318","-0.728","0"
"1986/05/01","00:00","2.552","1.654","1.273","0.623","0.633","-0.007","-0.197","-0.636","0"
"1986/06/01","00:00","2.592","1.903","1.414","0.814","0.804","0.184","-0.066","-0.427","0"
"1986/07/01","00:00","2.283","1.663","1.214","0.584","0.564","-0.085","-0.328","-0.705","0"
"1986/08/01","00:00","2.313","1.742","1.332","0.673","0.673","0.003","-0.187","-0.518","0"
"1986/09/01","00:00","2.293","1.942","1.634","0.984","0.994","0.354","0.243","0.033","0"
"1986/10/01","00:00","2.172","1.732","1.424","0.804","0.794","0.164","-0.016","-0.417","0"
"1986/11/01","00:00","2.425","1.795","1.234","0.673","0.633","0.033","-0.226","-0.778","0"
"1986/12/01","00:00","2.425","1.785","1.204","0.574","0.545","-0.118","-0.397","-0.876","0"
"1987/01/01","00:00","2.264","1.575","1.132","0.463","0.453","-0.226","-0.436","-0.837","0"
"1987/02/01","00:00","2.195","1.585","1.224","0.584","0.574","-0.075","-0.226","-0.528","0"
"1987/03/01","00:00","1.713","1.424","1.122","0.482","0.472","-0.177","-0.285","-0.676","0"
"1987/04/01","00:00","1.962","1.575","1.184","0.535","0.535","-0.128","-0.295","-0.778","0"
"1987/05/01","00:00","2.234","1.742","1.302","0.663","0.663","0.013","-0.207","-0.528","0"
"1987/06/01","00:00","2.244","1.644","1.063","0.492","0.453","-0.148","-0.397","-0.827","0"
"1987/07/01","00:00","2.283","1.604","1.122","0.502","0.482","-0.157","-0.397","-0.866","0"
"1987/08/01","00:00","2.392","1.683","1.263","0.614","0.584","-0.095","-0.285","-0.666","0"
"1987/09/01","00:00","2.034","1.604","1.243","0.594","0.584","-0.075","-0.207","-0.456","0"
"1987/10/01","00:00","1.864","1.562","1.175","0.535","0.522","-0.128","-0.256","-0.636","0"
"1987/11/01","00:00","2.234","1.644","1.132","0.545","0.512","-0.118","-0.358","-0.728","0"
"1987/12/01","00:00","2.812","2.064","1.512","0.892","0.873","0.223","-0.056","-0.577","0"
"1988/01/01","00:00","2.513","1.962","1.414","0.784","0.764","0.115","-0.148","-0.607","0"
"1988/02/01","00:00","2.392","1.834","1.444","0.794","0.794","0.135","-0.046","-0.367","0"
"1988/03/01","00:00","2.083","1.785","1.453","0.774","0.774","0.092","-0.036","-0.456","0"
"1988/04/01","00:00","2.254","1.932","1.552","0.892","0.883","0.223","0.043","-0.338","0"
"1988/05/01","00:00","2.382","1.854","1.302","0.722","0.692","0.082","-0.138","-0.407","0"
"1988/06/01","00:00","2.733","2.274","1.644","1.053","1.014","0.384","0.102","-0.167","0"
"1988/07/01","00:00","2.812","2.415","1.932","1.243","1.214","0.502","0.262","-0.118","0"
"1988/08/01","00:00","2.523","2.152","1.804","1.112","1.122","0.433","0.243","-0.187","0"
"1988/09/01","00:00","2.244","1.972","1.624","0.974","0.974","0.325","0.164","-0.157","0"
"1988/10/01","00:00","2.894","2.142","1.693","1.083","1.063","0.423","0.282","0.013","0"
"1988/11/01","00:00","2.362","2.005","1.473","0.902","0.883","0.282","0.043","-0.476","0"
"1988/12/01","00:00","2.474","1.942","1.463","0.853","0.833","0.203","-0.066","-0.548","0"
"1989/01/01","00:00","2.274","1.814","1.385","0.712","0.702","0.013","-0.226","-0.728","0"
"1989/02/01","00:00","2.274","1.804","1.404","0.764","0.745","0.082","-0.066","-0.456","0"
"1989/03/01","00:00","2.592","2.103","1.742","1.073","1.073","0.404","0.233","-0.095","0"
"1989/04/01","00:00","2.343","1.854","1.522","0.873","0.873","0.223","0.082","-0.236","0"
"1989/05/01","00:00","2.513","1.673","1.302","0.673","0.673","0.043","-0.197","-0.548","0"
"1989/06/01","00:00","2.333","1.864","1.375","0.712","0.712","0.043","-0.226","-0.666","0"
"1989/07/01","00:00","2.572","2.083","1.624","0.965","0.932","0.243","0.043","-0.358","0"
"1989/08/01","00:00","2.313","1.683","1.342","0.673","0.663","-0.016","-0.177","-0.446","0"
"1989/09/01","00:00","2.303","1.903","1.542","0.955","0.932","0.312","0.154","-0.118","0"
"1989/10/01","00:00","2.552","1.942","1.522","0.873","0.873","0.223","0.033","-0.348","0"
"1989/11/01","00:00","2.694","1.972","1.463","0.873","0.853","0.243","-0.016","-0.407","0"
"1989/12/01","00:00","2.533","1.883","1.483","0.774","0.774","0.062","-0.095","-0.456","0"
"1990/01/01","00:00","2.303","1.772","1.434","0.722","0.702","-0.026","-0.187","-0.728","0"
"1990/02/01","00:00","2.034","1.473","1.184","0.512","0.492","-0.197","-0.348","-0.748","0"
"1990/03/01","00:00","1.762","1.404","1.102","0.443","0.453","-0.207","-0.367","-0.958","0"
"1990/04/01","00:00","2.293","1.404","1.024","0.433","0.423","-0.177","-0.358","-0.558","0"
"1990/05/01","00:00","2.254","1.512","1.073","0.482","0.472","-0.138","-0.367","-0.866","0"
"1990/06/01","00:00","2.592","1.913","1.414","0.804","0.784","0.164","-0.108","-0.518","0"
"1990/07/01","00:00","2.425","1.854","1.512","0.823","0.823","0.125","-0.046","-0.397","0"
"1990/08/01","00:00","2.254","1.864","1.532","0.883","0.883","0.233","0.072","-0.256","0"
"1990/09/01","00:00","2.024","1.824","1.453","0.883","0.873","0.282","0.125","-0.177","0"
"1990/10/01","00:00","2.454","1.923","1.562","0.945","0.932","0.292","0.125","-0.157","0"
"1990/11/01","00:00","2.753","2.172","1.654","1.063","1.043","0.433","0.164","-0.387","0"
"1990/12/01","00:00","2.743","2.103","1.532","0.863","0.853","0.174","-0.108","-0.636","0"
"1991/01/01","00:00","2.625","1.844","1.375","0.722","0.702","0.033","-0.187","-0.476","0"
"1991/02/01","00:00","2.133","1.824","1.473","0.853","0.843","0.203","0.013","-0.367","0"
"1991/03/01","00:00","1.785","1.332","1.122","0.492","0.502","-0.118","-0.276","-0.518","0"
"1991/04/01","00:00","1.932","1.522","1.132","0.564","0.554","-0.036","-0.217","-0.558","0"
"1991/05/01","00:00","1.972","1.503","1.014","0.472","0.453","-0.095","-0.328","-0.856","0"
"1991/06/01","00:00","2.162","1.644","1.132","0.554","0.522","-0.085","-0.328","-0.837","0"
"1991/07/01","00:00","2.654","1.903","1.483","0.863","0.853","0.223","-0.016","-0.518","0"
"1991/08/01","00:00","2.543","1.952","1.644","1.014","1.004","0.374","0.203","-0.148","0"
"1991/09/01","00:00","2.362","2.064","1.762","1.132","1.132","0.502","0.364","0.115","0"
"1991/10/01","00:00","2.493","2.054","1.673","1.102","1.073","0.482","0.312","-0.407","0"
"1991/11/01","00:00","2.592","2.034","1.542","1.014","0.974","0.404","0.154","-0.276","0"
"1991/12/01","00:00","2.694","2.093","1.604","0.984","0.965","0.325","0.062","-0.548","0"
"1992/01/01","00:00","2.523","1.772","1.342","0.712","0.692","0.043","-0.075","-0.705","0"
"1992/02/01","00:00","2.283","1.644","1.243","0.692","0.663","0.082","-0.066","-0.397","0"
"1992/03/01","00:00","1.972","1.483","1.234","0.633","0.633","0.033","-0.066","-0.558","0"
"1992/04/01","00:00","2.162","1.752","1.404","0.833","0.823","0.243","0.062","-0.266","0"
"1992/05/01","00:00","2.392","2.005","1.473","0.932","0.902","0.325","0.052","-0.358","0"
"1992/06/01","00:00","2.382","1.903","1.332","0.784","0.755","0.164","-0.128","-0.518","0"
"1992/07/01","00:00","2.513","1.942","1.434","0.823","0.804","0.184","-0.066","-0.436","0"
"1992/08/01","00:00","2.205","1.844","1.542","0.912","0.912","0.282","0.102","-0.118","0"
"1992/09/01","00:00","4.984","2.244","1.893","1.204","1.224","0.554","0.404","0.115","0"
"1992/10/01","00:00","2.552","2.172","1.762","1.194","1.175","0.574","0.423","-0.118","0"
"1992/11/01","00:00","2.562","2.103","1.604","1.073","1.043","0.482","0.243","-0.226","0"
"1992/12/01","00:00","2.772","2.182","1.703","1.142","1.122","0.535","0.243","-0.177","0"
"1993/01/01","00:00","2.654","2.018","1.565","0.994","0.956","0.348","0.098","-0.24","0"
"1993/02/01","00:00","2.556","1.939","1.608","0.994","0.978","0.348","0.177","-0.092","0"
"1993/03/01","00:00","2.211","1.785","1.486","0.922","0.907","0.328","0.167","-0.059","0"
"1993/04/01","00:00","2.431","1.791","1.447","0.883","0.869","0.292","0.135","-0.125","0"
"1993/05/01","00:00","2.402","1.952","1.486","0.928","0.915","0.344","0.092","-0.217","0"
"1993/06/01","00:00","2.602","2.162","1.644","1.096","1.066","0.489","0.213","-0.128","0"
"1993/07/01","00:00","2.592","2.152","1.667","1.027","1.006","0.344","0.095","-0.171","0"
"1993/08/01","00:00","2.185","1.788","1.43","0.797","0.799","0.167","-0.036","-0.253","0"
"1993/09/01","00:00","2.041","1.844","1.565","0.968","0.955","0.344","0.213","-0.174","0"
"1993/10/01","00:00","2.241","1.811","1.424","0.866","0.848","0.272","0.079","-0.43","0"
"1993/11/01","00:00","1.965","1.499","0.978","0.463","0.425","-0.128","-0.404","-0.732","0"
"1993/12/01","00:00","2.149","1.637","1.135","0.538","0.518","-0.098","-0.331","-0.659","0"
"1994/01/01","00:00","2.093","1.526","1.099","0.515","0.494","-0.112","-0.364","-0.666","0"
"1994/02/01","00:00","1.663","1.342","1.063","0.469","0.446","-0.171","-0.341","-0.728","0"
"1994/03/01","00:00","1.972","1.568","1.243","0.653","0.64","0.036","-0.131","-0.446","0"
"1994/04/01","00:00","2.224","1.529","1.119","0.564","0.536","-0.046","-0.22","-0.558","0"
"1994/05/01","00:00","2.264","1.696","1.217","0.682","0.653","0.089","-0.121","-0.607","0"
"1994/06/01","00:00","2.182","1.67","1.188","0.646","0.622","0.056","-0.23","-0.486","0"
"1994/07/01","00:00","2.684","2.103","1.66","1.096","1.089","0.518","0.262","-0.108","0"
"1994/08/01","00:00","2.234","1.962","1.686","1.115","1.112","0.535","0.41","0.194","11"
"1994/09/01","00:00","2.293","1.929","1.654","1.086","1.081","0.509","0.39","0.243","0"
"1994/10/01","00:00","2.293","1.909","1.545","0.997","0.979","0.413","0.259","0.003","0"
"1994/11/01","00:00","2.723","2.041","1.568","1.01","0.991","0.413","0.161","-0.256","0"
"1994/12/01","00:00","2.454","2.041","1.486","0.928","0.894","0.302","0.01","-0.486","0"
"1995/01/01","00:00","2.713","2.103","1.588","1.004","0.971","0.354","0.082","-0.377","11"
"1995/02/01","00:00","2.283","1.827","1.49","0.909","0.901","0.312","0.154","-0.187","0"
"1995/03/01","00:00","1.982","1.542","1.299","0.722","0.714","0.128","0.039","-0.417","0"
"1995/04/01","00:00","2.362","1.939","1.611","1.037","1.029","0.446","0.272","-0.276","0"
"1995/05/01","00:00","2.562","1.965","1.486","0.932","0.909","0.331","0.102","-0.266","0"
"1995/06/01","00:00","2.283","1.732","1.247","0.715","0.692","0.138","-0.118","-0.607","0"
"1995/07/01","00:00","2.474","1.929","1.493","0.932","0.915","0.338","0.128","-0.397","0"
"1995/08/01","00:00","2.392","1.926","1.634","1.04","1.03","0.427","0.249","-0.095","0"
"1995/09/01","00:00","2.172","1.614","1.335","0.774","0.773","0.21","0.089","-0.128","0"
"1995/10/01","00:00","2.195","1.841","1.47","0.935","0.909","0.348","0.19","-0.266","0"
"1995/11/01","00:00","2.825","2.129","1.709","1.155","1.134","0.558","0.328","0.033","0"
"1995/12/01","00:00","2.743","2.231","1.765","1.198","1.178","0.591","0.338","-0.075","0"
"1996/01/01","00:00","2.736","2.126","1.68","1.106","1.088","0.495","0.23","-0.233","0"
"1996/02/01","00:00","2.123","1.683","1.385","0.771","0.769","0.154","0.02","-0.43","0"
"1996/03/01","00:00","2.182","1.631","1.352","0.804","0.791","0.23","0.102","-0.138","0"
"1996/04/01","00:00","2.129","1.703","1.371","0.83","0.814","0.256","0.098","-0.197","0"
"1996/05/01","00:00","2.201","1.857","1.437","0.876","0.86","0.282","0.059","-0.226","0"
"1996/06/01","00:00","2.503","1.909","1.391","0.86","0.833","0.276","0.023","-0.354","0"
"1996/07/01","00:00","2.438","2.087","1.634","1.056","1.027","0.42","0.203","-0.338","0"
"1996/08/01","00:00","2.398","2.123","1.772","1.155","1.142","0.512","0.308","0.01","0"
"1996/09/01","00:00","2.602","2.139","1.883","1.247","1.239","0.594","0.449","0.295","0"
"1996/10/01","00:00","2.661","2.293","1.946","1.375","1.358","0.771","0.6","0.308","0"
"1996/11/01","00:00","2.71","2.142","1.739","1.148","1.134","0.528","0.344","-0.079","0"
"1996/12/01","00:00","2.648","2.11","1.614","1.053","1.024","0.433","0.171","-0.295","0"
"1997/01/01","00:00","2.431","1.834","1.407","0.853","0.84","0.272","0.02","-0.554","0"
"1997/02/01","00:00","2.231","1.781","1.463","0.869","0.876","0.289","0.108","-0.292","0"
"1997/03/01","00:00","2.211","1.644","1.358","0.827","0.812","0.266","0.098","-0.44","0"
"1997/04/01","00:00","1.765","1.467","1.122","0.594","0.569","0.016","-0.118","-0.469","0"
"1997/05/01","00:00","2.336","1.811","1.434","0.879","0.866","0.299","0.089","-0.276","0"
"1997/06/01","00:00","2.48","1.867","1.401","0.817","0.794","0.187","-0.098","-0.364","0"
"1997/07/01","00:00","2.612","2.077","1.604","0.988","0.974","0.344","0.095","-0.276","0"
"1997/08/01","00:00","2.454","2.07","1.657","1.03","1.022","0.387","0.18","-0.157","0"
"1997/09/01","00:00","2.507","2.037","1.732","1.119","1.114","0.495","0.374","0.02","0"
"1997/10/01","00:00","2.238","1.919","1.588","0.988","0.984","0.381","0.223","-0.174","0"
"1997/11/01","00:00","2.267","1.847","1.427","0.883","0.868","0.308","0.092","-0.262","0"
"1997/12/01","00:00","2.3","1.847","1.332","0.787","0.756","0.18","-0.079","-0.44","0"
"1998/01/01","00:00","2.221","1.837","1.391","0.814","0.797","0.203","-0.043","-0.492","0"
"1998/02/01","00:00","1.919","1.539","1.184","0.6","0.581","-0.023","-0.22","-0.515","0"
"1998/03/01","00:00","1.601","1.378","1.125","0.581","0.558","-0.01","-0.108","-0.564","0"
"1998/04/01","00:00","2.077","1.358","1.004","0.456","0.438","-0.128","-0.272","-0.581","0"
"1998/05/01","00:00","2.172","1.604","1.161","0.643","0.618","0.075","-0.141","-0.581","0"
"1998/06/01","00:00","2.06","1.611","1.155","0.643","0.61","0.066","-0.18","-0.591","0"
"1998/07/01","00:00","2.044","1.575","1.152","0.627","0.605","0.059","-0.207","-0.449","0"
"1998/08/01","00:00","1.821","1.427","1.135","0.561","0.558","-0.02","-0.213","-0.499","0"
"1998/09/01","00:00","1.998","1.608","1.266","0.719","0.702","0.138","-0.007","-0.295","0"
"1998/10/01","00:00","2.037","1.778","1.457","0.863","0.855","0.253","0.118","-0.148","0"
"1998/11/01","00:00","2.254","1.604","1.22","0.659","0.635","0.049","-0.164","-0.443","0"
"1998/12/01","00:00","2.208","1.624","1.132","0.584","0.558","-0.016","-0.305","-0.61","0"
"1999/01/01","00:00","2.267","1.706","1.237","0.623","0.61","-0.016","-0.285","-0.614","0"
"1999/02/01","00:00","2.306","1.821","1.44","0.843","0.83","0.22","0.02","-0.344","0"
"1999/03/01","00:00","2.264","1.654","1.375","0.804","0.787","0.2","0.089","-0.256","0"
"1999/04/01","00:00","1.772","1.45","1.178","0.63","0.617","0.056","-0.085","-0.558","0"
"1999/05/01","00:00","2.188","1.631","1.214","0.653","0.638","0.062","-0.151","-0.512","0"
"1999/06/01","00:00","2.457","1.834","1.319","0.791","0.768","0.217","-0.043","-0.407","0"
"1999/07/01","00:00","2.516","1.952","1.473","0.912","0.879","0.285","0.072","-0.335","0"
"1999/08/01","00:00","2.415","1.798","1.424","0.886","0.863","0.302","0.108","-0.2","0"
"1999/09/01","00:00","2.228","1.768","1.434","0.896","0.871","0.308","0.194","0.03","0"
"1999/10/01","00:00","2.228","1.949","1.634","1.02","1.015","0.397","0.276","-0.174","0"
"1999/11/01","00:00","2.467","1.919","1.457","0.922","0.892","0.328","0.092","-0.394","0"
"1999/12/01","00:00","2.864","1.995","1.509","0.971","0.943","0.377","0.102","-0.272","0"
"2000/01/01","00:00","2.267","1.667","1.152","0.63","0.604","0.056","-0.223","-0.758","0"
"2000/02/01","00:00","2.172","1.64","1.227","0.679","0.653","0.079","-0.115","-0.495","0"
"2000/03/01","00:00","1.995","1.503","1.152","0.581","0.563","-0.026","-0.135","-0.394","0"
"2000/04/01","00:00","1.982","1.624","1.296","0.682","0.673","0.049","-0.089","-0.299","0"
"2000/05/01","00:00","2.041","1.703","1.289","0.725","0.702","0.115","-0.098","-0.476","0"
"2000/06/01","00:00","2.431","1.867","1.352","0.778","0.746","0.141","-0.108","-0.538","0"
"2000/07/01","00:00","2.516","1.926","1.375","0.866","0.83","0.285","0.03","-0.397","0"
"2000/08/01","00:00","2.503","1.791","1.388","0.86","0.83","0.272","0.141","-0.148","0"
"2000/09/01","00:00","2.211","1.844","1.549","0.988","0.965","0.381","0.259","0.046","0"
"2000/10/01","00:00","2.149","1.785","1.427","0.85","0.833","0.24","0.105","-0.23","0"
"2000/11/01","00:00","2.228","1.801","1.342","0.768","0.745","0.148","-0.049","-0.371","0"
"2000/12/01","00:00","2.523","1.821","1.348","0.761","0.743","0.138","-0.102","-0.499","0"
"2001/01/01","00:00","NaN","1.765","1.276","0.719","0.709","0.138","-0.105","NaN","11"
"2001/02/01","00:00","NaN","1.788","1.407","0.778","0.778","0.148","-0.036","NaN","11"
"2001/03/01","00:00","1.759","1.417","1.122","0.545","0.525","-0.072","-0.194","-0.659","0"
"2001/04/01","00:00","1.909","1.493","1.211","0.584","0.582","-0.046","-0.164","-0.495","0"
"2001/05/01","00:00","2.093","1.64","1.273","0.666","0.664","0.056","-0.157","-0.512","0"
"2001/06/01","00:00","2.362","1.844","1.362","0.787","0.764","0.167","-0.082","-0.443","0"
"2001/07/01","00:00","2.405","1.9","1.358","0.817","0.791","0.223","-0.062","-0.407","0"
"2001/08/01","00:00","2.53","1.978","1.549","0.991","0.96","0.371","0.197","-0.197","0"
"2001/09/01","00:00","2.218","1.755","1.463","0.873","0.874","0.285","0.203","-0.033","0"
"2001/10/01","00:00","1.985","1.624","1.388","0.778","0.784","0.18","0.079","-0.184","0"
"2001/11/01","00:00","2.07","1.739","1.434","0.732","0.755","0.075","-0.108","-0.387","0"
"2001/12/01","00:00","2.579","1.837","1.289","0.738","0.705","0.121","-0.157","-0.482","0"
"2002/01/01","00:00","2.684","1.923","1.381","0.807","0.774","0.167","-0.095","-0.446","0"
"2002/02/01","00:00","2.178","1.716","1.273","0.679","0.659","0.046","-0.131","-0.758","0"
"2002/03/01","00:00","2.159","1.522","1.214","0.61","0.594","-0.026","-0.148","-0.367","0"
"2002/04/01","00:00","2.093","1.552","1.161","0.591","0.568","-0.026","-0.151","-0.433","0"
"2002/05/01","00:00","2.08","1.66","1.175","0.61","0.587","0","-0.197","-0.65","0"
"2002/06/01","00:00","2.287","1.785","1.23","0.696","0.669","0.108","-0.144","-0.495","0"
"2002/07/01","00:00","2.333","1.913","1.447","0.866","0.853","0.259","0.003","-0.397","0"
"2002/08/01","00:00","2.503","1.857","1.486","0.886","0.873","0.259","0.075","-0.174","0"
"2002/09/01","00:00","2.264","1.847","1.503","0.866","0.853","0.203","0.089","-0.289","0"
"2002/10/01","00:00","2.32","2.083","1.749","1.096","1.096","0.443","0.325","0.02","0"
"2002/11/01","00:00","2.375","1.962","1.558","0.925","0.92","0.282","0.056","-0.331","0"
"2002/12/01","00:00","2.638","1.998","1.424","0.863","0.819","0.213","-0.062","-0.453","0"
"2003/01/01","00:00","2.608","2.11","1.516","0.965","0.932","0.348","0.059","-0.24","0"
"2003/02/01","00:00","2.5","1.709","1.289","0.659","0.651","0.013","-0.21","-0.614","0"
"2003/03/01","00:00","2.133","1.65","1.339","0.738","0.723","0.108","-0.023","-0.505","0"
"2003/04/01","00:00","1.978","1.568","1.306","0.656","0.664","0.023","-0.112","-0.482","0"
"2003/05/01","00:00","2.228","1.611","1.168","0.604","0.592","0.016","-0.217","-0.607","0"
"2003/06/01","00:00","2.411","1.926","1.375","0.84","0.81","0.246","0","-0.472","0"
"2003/07/01","00:00","2.815","2.26","1.709","1.155","1.119","0.528","0.285","-0.02","0"
"2003/08/01","00:00","2.621","2.169","1.827","1.175","1.178","0.528","0.341","0.059","0"
"2003/09/01","00:00","2.917","2.415","2.129","1.47","1.46","0.791","0.666","0.351","0"
"2003/10/01","00:00","2.897","2.451","2.037","1.407","1.389","0.741","0.63","0.089","0"
"2003/11/01","00:00","2.923","2.215","1.686","1.102","1.073","0.459","0.259","-0.164","0"
"2003/12/01","00:00","2.418","1.854","1.467","0.801","0.822","0.177","-0.036","-0.646","0"
"2004/01/01","00:00","2.408","1.85","1.434","0.781","0.773","0.112","-0.095","-0.545","0"
"2004/02/01","00:00","2.372","1.985","1.552","0.909","0.881","0.21","0.033","-0.285","0"
"2004/03/01","00:00","1.991","1.686","1.348","0.745","0.738","0.128","0.013","-0.21","0"
"2004/04/01","00:00","2.096","1.729","1.411","0.778","0.774","0.138","0.023","-0.302","0"
"2004/05/01","00:00","2.47","2.021","1.611","1.014","1.004","0.397","0.177","-0.367","0"
"2004/06/01","00:00","2.674","2.106","1.555","1.017","0.986","0.417","0.131","-0.417","0"
"2004/07/01","00:00","3.058","2.343","1.755","1.155","1.124","0.492","0.223","-0.18","0"
"2004/08/01","00:00","3.015","2.205","1.785","1.109","1.094","0.404","0.22","-0.125","0"
"2004/09/01","00:00","2.051","1.818","1.503","0.837","0.838","0.174","0.052","-0.233","0"
"2004/10/01","00:00","2.503","2.028","1.624","0.968","0.969","0.315","0.135","-0.171","0"
"2004/11/01","00:00","2.566","2.103","1.594","0.981","0.963","0.331","0.115","-0.276","0"
"2004/12/01","00:00","2.526","2.11","1.572","0.978","0.955","0.338","0.089","-0.627","0"
"2005/01/01","00:00","2.976","2.215","1.719","1.109","1.089","0.459","0.246","-0.21","0"
"2005/02/01","00:00","2.539","1.978","1.575","0.925","0.902","0.23","0.062","-0.381","0"
"2005/03/01","00:00","2.395","1.703","1.388","0.761","0.745","0.102","-0.02","-0.456","0"
"2005/04/01","00:00","2.126","1.742","1.434","0.781","0.782","0.131","0","-0.404","0"
"2005/05/01","00:00","2.405","1.85","1.401","0.823","0.805","0.21","-0.02","-0.377","0"
"2005/06/01","00:00","2.789","2.1","1.67","1.02","1.035","0.4","0.118","-0.217","0"
"2005/07/01","00:00","2.628","1.844","1.381","0.764","0.737","0.092","-0.112","-0.417","0"
"2005/08/01","00:00","NaN","1.959","1.529","0.899","0.883","0.236","0.069","NaN","11"
"2005/09/01","00:00","2.28","2.139","1.795","1.165","1.148","0.502","0.394","NaN","11"
"2005/10/01","00:00","2.448","2.018","1.739","1.066","1.093","0.446","0.295","-0.131","0"
"2005/11/01","00:00","2.431","2.001","1.562","0.938","0.932","0.302","0.049","-0.312","0"
"2005/12/01","00:00","2.779","2.054","1.565","0.912","0.891","0.217","-0.039","-0.433","0"
"2006/01/01","00:00","2.7","2.152","1.663","0.978","0.965","0.266","0.016","-0.4","0"
"2006/02/01","00:00","2.365","1.946","1.585","0.915","0.91","0.236","0.066","-0.292","0"
"2006/03/01","00:00","2.008","1.742","1.48","0.833","0.825","0.171","0.023","-0.289","0"
"2006/04/01","00:00","2.605","1.998","1.601","0.984","0.976","0.351","0.161","-0.246","0"
"2006/05/01","00:00","2.546","2.139","1.742","1.063","1.088","0.433","0.22","-0.23","0"
"2006/06/01","00:00","2.385","1.854","1.444","0.814","0.817","0.19","-0.033","-0.413","0"
"2006/07/01","00:00","2.595","2.096","1.677","1.063","1.047","0.417","0.203","-0.135","0"
"2006/08/01","00:00","2.753","2.218","1.864","1.237","1.23","0.597","0.413","-0.003","0"
"2006/09/01","00:00","2.818","2.234","1.929","1.273","1.273","0.617","0.505","0.318","0"
"2006/10/01","00:00","2.602","2.247","1.877","1.257","1.252","0.627","0.486","0.187","0"
"2006/11/01","00:00","3.012","2.461","2.008","1.411","1.399","0.791","0.541","0.154","0"
"2006/12/01","00:00","2.871","2.313","1.742","1.152","1.124","0.505","0.23","-0.023","0"
"2007/01/01","00:00","2.907","2.221","1.709","1.07","1.05","0.39","0.167","-0.272","0"
"2007/02/01","00:00","2.589","1.864","1.542","0.866","0.869","0.197","0.026","-0.344","0"
"2007/03/01","00:00","2.123","1.811","1.499","0.853","0.853","0.207","0.066","-0.262","0"
"2007/04/01","00:00","2.283","1.67","1.325","0.686","0.677","0.03","-0.141","-0.597","0"
"2007/05/01","00:00","2.306","1.752","1.273","0.702","0.682","0.092","-0.144","-0.528","0"
"2007/06/01","00:00","2.497","1.909","1.391","0.784","0.769","0.148","-0.102","-0.407","0"
"2007/07/01","00:00","2.789","2.224","1.719","1.093","1.065","0.41","0.203","-0.069","0"
"2007/08/01","00:00","2.369","1.985","1.601","0.951","0.945","0.289","0.112","-0.246","0"
"2007/09/01","00:00","2.428","2.149","1.798","1.168","1.153","0.509","0.348","-0.102","0"
"2007/10/01","00:00","2.5","1.929","1.549","0.899","0.891","0.233","0.072","-0.292","0"
"2008/02/01","00:00","2.32","1.864","1.499","0.823","0.827","0.154","-0.003","-0.266","0"
"2008/03/01","00:00","2.031","1.788","1.49","0.876","0.879","0.269","0.157","-0.174","0"
"2008/04/01","00:00","2.428","1.978","1.66","0.991","1.007","0.354","0.203","-0.157","0"
"2008/05/01","00:00","2.369","1.834","1.388","0.81","0.797","0.207","-0.066","-0.423","0"
"2008/06/01","00:00","2.395","1.883","1.434","0.801","0.789","0.144","-0.085","-0.689","0"
"2008/07/01","00:00","2.746","2.169","1.647","1.02","0.996","0.344","0.112","-0.348","0"
"2008/08/01","00:00","2.726","2.293","1.919","1.224","1.225","0.531","0.384","-0.039","0"
"2008/09/01","00:00","2.605","2.254","1.988","1.286","1.298","0.607","0.499","0.279","0"
"2008/10/01","00:00","2.365","2.037","1.703","1.04","1.052","0.4","0.236","-0.112","0"
"2008/11/01","00:00","2.772","2.064","1.598","0.961","0.956","0.315","0.062","-0.256","0"
"2008/12/01","00:00","2.936","2.031","1.496","0.922","0.896","0.295","0.043","-0.322","0"
"2009/01/01","00:00","2.592","1.726","1.319","0.686","0.661","0.003","-0.164","-0.515","0"
"2009/02/01","00:00","2.313","1.565","1.26","0.614","0.607","-0.046","-0.197","-0.456","0"
"2009/03/01","00:00","2.018","1.532","1.296","0.663","0.669","0.043","-0.095","-0.446","0"
"2009/04/01","00:00","2.07","1.565","1.257","0.62","0.633","0.01","-0.144","-0.436","0"
"2009/05/01","00:00","2.385","1.759","1.348","0.758","0.756","0.164","-0.059","-0.433","0"
"2009/06/01","00:00","2.405","1.804","1.286","0.732","0.697","0.108","-0.161","-0.623","0"
"2009/07/01","00:00","2.507","1.89","1.467","0.817","0.797","0.128","-0.075","-0.459","0"
"2009/08/01","00:00","2.448","1.854","1.463","0.915","0.886","0.308","0.174","-0.161","0"
"2009/09/01","00:00","2.329","1.975","1.703","1.073","1.063","0.423","0.338","0.125","0"
"2009/10/01","00:00","2.27","1.919","1.631","0.994","0.992","0.354","0.217","-0.049","0"
"2009/11/01","00:00","2.306","1.86","1.362","0.797","0.774","0.187","-0.075","-0.39","0"
"2009/12/01","00:00","2.753","1.995","1.496","0.856","0.846","0.197","-0.079","-0.39","0"
"2010/01/01","00:00","2.582","1.972","1.535","0.879","0.848","0.161","-0.02","-0.354","0"
"2010/02/01","00:00","2.054","1.335","1.027","0.384","0.371","-0.285","-0.436","-0.84","0"
"2010/03/01","00:00","1.526","1.194","0.948","0.302","0.302","-0.344","-0.482","-0.81","0"
"2010/04/01","00:00","1.893","1.46","1.083","0.479","0.466","-0.151","-0.351","-0.696","0"
"2010/05/01","00:00","2.054","1.601","1.07","0.558","0.522","-0.026","-0.279","-0.62","0"
"2010/06/01","00:00","2.356","1.85","1.302","0.768","0.74","0.177","-0.075","-0.394","0"
"2010/07/01","00:00","2.569","2.024","1.581","0.988","0.971","0.361","0.141","-0.282","0"
"2010/08/01","00:00","2.507","1.932","1.617","1.007","0.981","0.344","0.21","-0.066","0"
"2010/09/01","00:00","2.477","2.165","1.893","1.204","1.216","0.538","0.417","0.046","0"
"2010/10/01","00:00","2.831","2.388","2.021","1.404","1.399","0.778","0.63","0.325","0"
"2010/11/01","00:00","2.428","1.824","1.45","0.83","0.848","0.246","0.003","-0.358","0"
"2010/12/01","00:00","2.336","1.824","1.447","0.768","0.774","0.102","-0.079","-0.515","0"
"2011/01/01","00:00","2.703","2.073","1.588","0.958","0.93","0.272","0.079","-0.315","0"
"2011/02/01","00:00","2.244","1.752","1.394","0.823","0.802","0.21","0.039","-0.325","0"
"2011/03/01","00:00","1.909","1.627","1.335","0.745","0.745","0.154","0.013","-0.4","0"
"2011/04/01","00:00","2.274","1.713","1.424","0.82","0.823","0.223","0.046","-0.328","0"
"2011/05/01","00:00","2.552","1.903","1.424","0.892","0.876","0.325","0.062","-0.233","0"
"2011/06/01","00:00","2.254","1.798","1.286","0.764","0.733","0.18","-0.066","-0.407","0"
"2011/07/01","00:00","2.559","2.1","1.617","1.024","1.002","0.387","0.164","-0.236","0"
"2011/08/01","00:00","2.598","2.162","1.841","1.211","1.198","0.554","0.397","0.18","0"
"2011/09/01","00:00","2.333","2.07","1.736","1.093","1.096","0.456","0.302","-0.115","0"
"2011/10/01","00:00","2.552","2.024","1.634","1.04","1.032","0.43","0.262","-0.187","0"
"2011/11/01","00:00","2.32","1.745","1.263","0.725","0.7","0.138","-0.105","-0.564","0"
"2011/12/01","00:00","2.326","1.772","1.26","0.715","0.691","0.121","-0.171","-0.538","0"
"2012/01/01","00:00","2.152","1.686","1.289","0.722","0.686","0.082","-0.085","-0.463","0"
"2012/02/01","00:00","2.251","1.634","1.319","0.722","0.709","0.098","-0.039","-0.276","0"
"2012/04/01","00:00","2.051","1.66","1.319","0.774","0.758","0.197","0.023","-0.407","0"
"2012/05/01","00:00","2.313","1.824","1.371","0.82","0.797","0.226","-0.016","-0.4","0"
"2012/06/01","00:00","2.382","1.886","1.378","0.83","0.804","0.23","-0.049","-0.453","0"
"2012/07/01","00:00","2.48","2.077","1.624","1.014","0.992","0.361","0.128","-0.207","0"
"2012/08/01","00:00","2.385","1.847","1.512","0.889","0.887","0.262","0.105","-0.128","0"
"2012/09/01","00:00","2.142","1.867","1.598","0.968","0.96","0.322","0.194","0.056","0"
"2012/10/01","00:00","2.526","1.978","1.608","1.02","0.999","0.39","0.21","-0.089","0"
"2012/11/01","00:00","2.523","2.11","1.617","1.05","1.029","0.44","0.197","-0.282","0"
"2012/12/01","00:00","2.72","2.146","1.614","1.053","1.024","0.433","0.164","-0.315","0"
"2013/01/01","00:00","2.7","1.988","1.578","0.994","0.978","0.377","0.128","-0.171","0"
"2013/02/01","00:00","2.126","1.493","1.171","0.571","0.559","-0.052","-0.233","-0.482","0"
"2013/03/01","00:00","2.021","1.634","1.348","0.781","0.766","0.184","0.039","-0.302","0"
"2013/04/01","00:00","2.29","1.85","1.467","0.879","0.855","0.243","0.069","-0.371","0"
"2013/05/01","00:00","2.818","2.024","1.545","0.981","0.953","0.361","0.151","-0.148","0"
"2013/06/01","00:00","2.562","2.07","1.594","1.056","1.033","0.472","0.21","-0.266","0"
"2013/07/01","00:00","2.612","2.051","1.601","1.047","1.037","0.472","0.207","-0.167","0"
"2013/08/01","00:00","2.572","2.001","1.608","1.043","1.033","0.459","0.279","0.003","0"
"2013/09/01","00:00","2.415","2.057","1.752","1.175","1.165","0.577","0.449","0.246","0"
"2013/10/01","00:00","2.329","1.969","1.683","1.096","1.093","0.502","0.344","0.131","0"
"2013/11/01","00:00","2.543","2.008","1.555","1.007","0.984","0.413","0.187","-0.089","0"
"2013/12/01","00:00","2.579","2.054","1.539","0.968","0.945","0.351","0.069","-0.374","0"
"2014/01/01","00:00","2.631","1.942","1.457","0.899","0.869","0.282","0.039","-0.325","0"
"2014/02/01","00:00","2.352","1.722","1.417","0.86","0.845","0.272","0.125","-0.148","0"
"2014/03/01","00:00","2.005","1.46","1.224","0.676","0.659","0.095","0.007","-0.226","0"
"2014/04/01","00:00","2.093","1.67","1.355","0.814","0.797","0.24","0.082","-0.207","0"
"2014/05/01","00:00","2.11","1.808","1.332","0.807","0.781","0.23","-0.007","-0.338","0"
"2014/06/01","00:00","2.467","2.054","1.578","1.066","1.05","0.522","0.285","-0.03","0"
"2014/07/01","00:00","2.736","2.156","1.719","1.198","1.181","0.643","0.417","0.095","0"
"2014/08/01","00:00","2.707","2.034","1.693","1.138","1.127","0.561","0.361","0.052","0"
"2014/09/01","00:00","2.51","2.07","1.768","1.217","1.202","0.636","0.525","0.331","0"
"2014/10/01","00:00","2.556","2.27","1.886","1.312","1.294","0.702","0.564","0.315","0"
"2014/11/01","00:00","2.756","2.231","1.781","1.204","1.178","0.574","0.351","0.003","0"
"2014/12/01","00:00","2.575","2.087","1.627","1.063","1.045","0.463","0.184","-0.276","0"
"2015/01/01","00:00","2.707","2.008","1.545","0.997","0.968","0.39","0.148","-0.233","0"
"2015/02/01","00:00","2.3","1.827","1.46","0.906","0.889","0.318","0.128","-0.21","0"
"2015/03/01","00:00","1.821","1.585","1.293","0.712","0.697","0.102","0","-0.499","0"
"2015/04/01","00:00","2.343","1.716","1.394","0.814","0.807","0.22","0.079","-0.223","0"
"2015/05/01","00:00","2.369","1.883","1.493","0.932","0.914","0.335","0.118","-0.236","0"
"2015/06/01","00:00","2.782","2.205","1.726","1.142","1.125","0.525","0.272","-0.154","0"
"2015/07/01","00:00","3.068","2.461","2.005","1.411","1.396","0.787","0.522","0.105","0"
"2015/08/01","00:00","2.697","2.11","1.781","1.145","1.135","0.489","0.302","0.03","0"
"2015/09/01","00:00","2.228","1.857","1.555","0.974","0.963","0.371","0.223","0.039","0"
"2015/10/01","00:00","2.562","1.991","1.631","1.112","1.081","0.531","0.39","0.013","0"
"2015/11/01","00:00","2.188","1.821","1.388","0.889","0.858","0.328","0.102","-0.423","0"
"2015/12/01","00:00","2.283","1.732","1.24","0.702","0.679","0.118","-0.131","-0.499","0"
"2016/01/01","00:00","2.493","1.916","1.499","0.922","0.917","0.335","0.052","-0.256","0"
"2016/02/01","00:00","2.372","1.886","1.532","0.932","0.925","0.318","0.121","-0.266","0"
"2016/03/01","00:00","2.083","1.791","1.522","0.892","0.886","0.249","0.085","-0.367","0"
"2016/04/01","00:00","2.277","1.841","1.493","0.935","0.922","0.348","0.203","-0.223","0"
"2016/05/01","00:00","2.651","2.087","1.677","1.122","1.102","0.528","0.325","-0.161","0"
"2016/06/01","00:00","3.051","2.316","1.841","1.28","1.266","0.692","0.43","0.194","0"
"2016/07/01","00:00","2.808","2.323","1.857","1.276","1.25","0.643","0.364","0.013","0"
"2016/08/01","00:00","2.762","2.26","1.88","1.227","1.227","0.574","0.361","0.118","0"
"2016/09/01","00:00","2.69","2.346","2.077","1.463","1.458","0.84","0.741","0.42","0"
"2016/10/01","00:00","2.654","2.172","1.844","1.211","1.212","0.581","0.453","0.092","0"
"2016/11/01","00:00","2.828","2.201","1.762","1.165","1.15","0.538","0.322","-0.059","0"
"2016/12/01","00:00","2.736","2.182","1.657","1.125","1.099","0.541","0.295","-0.082","0"
"2017/01/01","00:00","2.638","1.995","1.532","0.961","0.942","0.351","0.115","-0.217","0"
"2017/02/01","00:00","2.349","1.919","1.581","0.965","0.963","0.344","0.141","-0.2","0"
"2017/03/01","00:00","2.667","2.11","1.834","1.227","1.23","0.627","0.502","0.177","0"
"2017/04/01","00:00","2.638","2.238","1.919","1.325","1.321","0.722","0.571","0.013","0"
"2017/05/01","00:00","2.605","1.995","1.542","0.965","0.947","0.351","0.161","-0.18","0"
"2017/06/01","00:00","2.907","2.31","1.827","1.201","1.188","0.548","0.299","-0.092","0"
"2017/07/01","00:00","3.13","2.405","1.969","1.404","1.393","0.817","0.551","0.308","0"
"2017/08/01","00:00","3.061","2.503","2.116","1.522","1.511","0.906","0.712","0.42","0"
"2017/09/01","00:00","2.707","2.388","2.087","1.486","1.483","0.879","0.758","0.584","0"
"2017/10/01","00:00","2.523","2.303","1.972","1.385","1.373","0.774","0.64","0.322","0"
"2017/11/01","00:00","2.799","2.31","1.893","1.302","1.284","0.676","0.459","0.128","0"
"2017/12/01","00:00","2.753","2.205","1.736","1.178","1.153","0.571","0.295","-0.161","0"
"2018/01/01","00:00","2.897","2.175","1.647","1.053","1.035","0.423","0.144","-0.358","0"
"2018/02/01","00:00","2.736","2.021","1.64","1.086","1.068","0.495","0.299","-0.036","0"
"2018/03/01","00:00","2.238","1.762","1.516","0.951","0.938","0.361","0.272","-0.049","0"
"2018/04/01","00:00","2.201","1.801","1.512","0.984","0.966","0.42","0.282","-0.023","0"
"2018/05/01","00:00","2.215","1.811","1.404","0.879","0.848","0.292","0.092","-0.171","0"
"2018/06/01","00:00","2.677","1.936","1.447","0.902","0.876","0.305","0.043","-0.144","0"
"2018/07/01","00:00","2.792","2.149","1.686","1.178","1.153","0.62","0.394","-0.052","0"
"2018/08/01","00:00","2.835","2.113","1.713","1.204","1.183","0.653","0.453","0.121","0"
"2018/09/01","00:00","2.73","2.11","1.818","1.247","1.232","0.646","0.558","0.394","0"
"2018/10/01","00:00","2.569","2.211","1.929","1.276","1.296","0.663","0.568","0.285","0"
"2018/11/01","00:00","2.477","2.024","1.65","1.047","1.04","0.43","0.249","-0.102","0"
"2018/12/01","00:00","2.68","1.995","1.535","0.965","0.951","0.367","0.105","-0.305","0"
"2019/01/01","00:00","2.664","2.103","1.572","1.04","1.01","0.449","0.177","-0.174","0"
"2019/02/01","00:00","2.31","1.722","1.322","0.781","0.761","0.2","0","-0.535","0"
"2019/03/01","00:00","2.06","1.509","1.184","0.663","0.646","0.108","0.007","-0.24","0"
"2019/04/01","00:00","2.014","1.647","1.362","0.82","0.804","0.246","0.144","-0.141","0"
"2019/05/01","00:00","2.247","1.775","1.447","0.915","0.909","0.371","0.171","-0.043","0"
"2019/06/01","00:00","2.635","2.116","1.591","1.066","1.045","0.499","0.22","-0.299","0"
"2019/07/01","00:00","2.772","2.228","1.66","1.102","1.071","0.482","0.187","-0.144","0"
"2019/08/01","00:00","2.963","2.323","1.9","1.283","1.266","0.633","0.469","0.007","0"
"2019/09/01","00:00","2.848","2.438","2.142","1.516","1.517","0.892","0.768","0.489","0"
"2019/10/01","00:00","2.52","2.142","1.772","1.178","1.156","0.541","0.41","-0.059","0"
"2019/11/01","00:00","2.648","2.169","1.68","1.115","1.091","0.502","0.269","0.046","0"
"2019/12/01","00:00","3.048","2.349","1.827","1.234","1.202","0.577","0.328","0.085","0"
"2020/01/01","00:00","3.022","2.267","1.759","1.188","1.165","0.571","0.312","-0.026","0"
"2020/02/01","00:00","2.434","1.818","1.401","0.873","0.846","0.292","0.151","-0.262","0"
"2020/03/01","00:00","2.116","1.844","1.512","0.958","0.94","0.367","0.22","-0.236","0"
"2020/04/01","00:00","2.241","1.926","1.532","0.971","0.94","0.348","0.217","-0.062","0"
"2020/05/01","00:00","2.608","2.169","1.709","1.125","1.102","0.495","0.295","-0.164","0"
"2020/06/01","00:00","2.986","2.438","1.916","1.345","1.317","0.719","0.446","0.033","0"
"2020/07/01","00:00","2.769","2.175","1.64","1.093","1.068","0.495","0.23","-0.075","0"
"2020/08/01","00:00","2.405","1.988","1.519","0.988","0.965","0.41","0.21","-0.203","0"
"2020/09/01","00:00","2.608","2.198","1.814","1.234","1.22","0.627","0.522","0.233","0"
"2020/10/01","00:00","3.018","2.52","2.175","1.519","1.521","0.866","0.741","0.394","0"
"2020/11/01","00:00","2.936","2.395","1.9","1.293","1.266","0.633","0.4","0.007","0"
"2020/12/01","00:00","3.127","2.474","1.909","1.316","1.284","0.659","0.4","-0.03","0"
"2021/01/01","00:00","3.009","2.388","1.804","1.24","1.204","0.604","0.358","-0.118","0"
"2021/02/01","00:00","2.523","2.096","1.696","1.083","1.065","0.433","0.266","-0.112","0"
"2021/03/01","00:00","2.431","1.903","1.572","0.981","0.976","0.381","0.266","-0.007","0"
"2021/04/01","00:00","2.369","1.916","1.549","0.925","0.917","0.285","0.151","-0.262","0"
"2021/05/01","00:00","2.543","1.873","1.348","0.81","0.778","0.207","0.003","-0.351","0"
"2021/06/01","00:00","2.831","2.136","1.572","1.024","0.988","0.404","0.138","-0.226","0"
"2021/07/01","00:00","2.74","2.228","1.703","1.112","1.083","0.466","0.197","-0.161","0"
"2021/08/01","00:00","2.822","2.267","1.827","1.198","1.186","0.545","0.338","0.112","0"
"2021/09/01","00:00","2.513","2.188","1.804","1.234","1.214","0.623","0.469","0.184","0"
"2021/10/01","00:00","2.382","2.149","1.729","1.096","1.078","0.427","0.295","0.039","0"
"2021/11/01","00:00","2.625","2.159","1.677","1.05","1.03","0.384","0.141","-0.312","0"
"2021/12/01","00:00","3.11","2.165","1.572","0.994","0.961","0.351","0.033","-0.259","0"
"2022/01/01","00:00","2.805","2.1","1.578","0.948","0.922","0.266","0.013","-0.358","0"
"2022/02/01","00:00","2.585","2.064","1.611","1.007","0.992","0.374","0.18","-0.19","0"
"2022/03/01","00:00","2.451","1.939","1.552","0.965","0.94","0.328","0.2","-0.052","0"
"2022/04/01","00:00","2.139","1.791","1.467","0.866","0.853","0.24","0.095","-0.266","0"
"2022/05/01","00:00","2.687","2.08","1.545","0.991","0.951","0.358","0.118","-0.318","0"
"2022/06/01","00:00","2.753","2.169","1.601","1.017","0.984","0.367","0.089","-0.367","0"
"2022/07/01","00:00","2.795","2.149","1.598","0.981","0.945","0.292","0.066","-0.371","0"
"2022/08/01","00:00","2.73","2.11","1.654","1.04","1.014","0.374","0.174","-0.079","0"
"2022/09/01","00:00","2.7","2.244","1.896","1.234","1.225","0.554","0.427","0.171","0"
"2022/10/01","00:00","2.631","2.241","1.824","1.191","1.183","0.541","0.404","0.02","0"
"2022/11/01","00:00","2.589","2.09","1.631","0.974","0.978","0.325","0.125","-0.305","0"
"2022/12/01","00:00","2.746","2.083","1.555","0.968","0.95","0.344","0.066","-0.453","0"
"2023/01/01","00:00","2.776","2.037","1.529","0.925","0.883","0.236","0.02","-0.459","0"
"2023/02/01","00:00","2.625","1.965","1.486","0.915","0.892","0.299","0.105","-0.262","0"
"2023/03/01","00:00","2.073","1.765","1.365","0.791","0.771","0.177","0.039","-0.174","0"
"2023/04/01","00:00","1.785","1.598","1.145","0.581","0.554","-0.036","-0.187","-0.486","0"
"2023/05/01","00:00","2.444","1.909","1.404","0.823","0.794","0.184","-0.052","-0.374","0"
"2023/06/01","00:00","2.516","2.011","1.437","0.814","0.787","0.138","-0.154","-0.436","0"
"2023/07/01","00:00","2.91","2.178","1.578","0.991","0.956","0.335","0.052","-0.666","0"
"2023/08/01","00:00","3.064","2.48","2.024","1.368","1.358","0.692","0.469","-0.059","0"
"2023/09/01","00:00","2.946","2.562","2.221","1.549","1.54","0.86","0.699","0.463","0"
"2023/10/01","00:00","3.278","2.71","2.267","1.617","1.59","0.912","0.735","0.486","0"
"2023/11/01","00:00","3.11","2.657","2.093","1.483","1.444","0.797","0.554","0.059","0"
"2023/12/01","00:00","2.956","2.369","1.765","1.158","1.129","0.492","0.22","-0.171","0"
"2024/01/01","00:00","2.89","2.28","1.736","1.152","1.12","0.505","0.256","-0.318","0"
"2024/02/01","00:00","2.73","1.972","1.568","0.958","0.947","0.325","0.112","-0.161","0"
"2024/03/01","00:00","2.165","1.844","1.493","0.846","0.845","0.197","0.046","-0.325","0"
"2024/04/01","00:00","2.395","1.916","1.499","0.919","0.894","0.289","0.128","-0.151","0"
"2024/05/01","00:00","2.674","2.182","1.677","1.089","1.07","0.463","0.236","-0.112","0"
"2024/06/01","00:00","2.72","2.192","1.634","1.056","1.033","0.433","0.177","-0.108","0"
"2024/07/01","00:00","2.933","2.434","1.864","1.266","1.242","0.62","0.364","0.098","0"
"2024/08/01","00:00","3.186","2.7","2.241","1.581","1.565","0.889","0.709","0.299","0"
"2024/09/01","00:00","3.015","2.661","2.31","1.617","1.614","0.919","0.787","0.4","0"